,model,stem,punc,stop,post-tag,All
0,Skip-gram,0.8251229999999999,0.8677790000000001,0.8435729999999999,0.857693,0.802158
1,CBOW,0.8257530000000001,0.856397,0.8375229999999999,0.8584780000000001,0.7968569999999999
