,stem,punc,stop,post-tag,All
Skip-gram,0.825123,0.867779,0.843573,0.857693,0.802158
CBOW,0.825753,0.856397,0.837523,0.858478,0.796857
